<?xml version="1.0" encoding="utf-8"?>
<!-- $Revision: 1.1 $  $Date: 2008/11/29 00:26:17 $ -->
<demos>
   <name>PolyLX</name>
   <type>toolbox</type>
   <icon>$toolbox/matlab/icons/matlabicon.gif</icon>
   <description isCdata="no">

<p>We introduce a new open platform, object-oriented MATLAB® toolbox PolyLX providing several core routines for data exchange, visualization and analysis of microstructural data, which can be run on any platform supported by MATLAB&#174;.
</p> 

</description>
    <demoitem>
      <label>GUI for PolyLX</label>
      <type>M-GUI</type>
      <source>polygui</source>
    </demoitem>
</demos>
