<productinfo
  xmlns:xsi="http://www.w3.org/2001/XMLSchema-instance"
  xsi:noNamespaceSchemaLocation="http://www.mathworks.com/namespace/info/v1/info.xsd">
<?xml-stylesheet type="text/xsl" href="http://www.mathworks.com/namespace/info/v1/info.xsl"?>

<matlabrelease>13</matlabrelease>
<name>PolyLX</name>
<type>toolbox</type>
<icon>$toolbox/matlab/icons/matlabicon.gif</icon>
<help_location></help_location>

<list>

<listitem>
<label>GUI for PolyLX (polygui)</label>
<callback>polygui</callback>
<icon>$toolbox/matlab/icons/figureicon.gif</icon>
</listitem>

<listitem>
<label>Help</label>
<callback>doc polylx</callback>
<icon>$toolbox/matlab/icons/book_mat.gif</icon>
</listitem>

<listitem>
<label>Demos</label>
<callback>demo toolbox polylx</callback>
<icon>$toolbox/matlab/icons/demoicon.gif</icon>
</listitem>

<listitem>
<label>Product Page (Web)</label>
<callback>web http://petrol.natur.cuni.cz/~ondro/polylx:home -browser;</callback>
<icon>$toolbox/matlab/icons/webicon.gif</icon>
</listitem>

</list>

</productinfo>
